{
  "generated_at": "2026-03-19 23:00:27",
  "model_type": "ensemble",
  "applied_log_target": true,
  "training_time_seconds": 15.1,
  "train": {
    "MAE": 0.08189580981493001,
    "MSE": 0.1386862160743535,
    "RMSE": 0.372405982865949,
    "MAPE": 6918866567.551798,
    "sMAPE": 60.175494019945965,
    "R2": 0.9922815170840313,
    "MBE": -0.039748986385573865,
    "Pearson": 0.9965414822461123,
    "Adjusted_R2": 0.9922756869608623,
    "Rain_Accuracy": 0.9319155548649188,
    "CSI": 0.8849846246156154,
    "Bias": 1.1298728813559322,
    "Rain_Precision": 0.8850178136133509,
    "Rain_Recall": 0.9999576271186441,
    "Rain_F1": 0.9389833880433701,
    "ROC_AUC": 0.9976400683829986,
    "PR_AUC": 0.9973263783660635,
    "CSI_ModerateRain": 0.9759719222462203,
    "F1_ModerateRain": 0.9878398688345402,
    "CSI_HeavyRain": 0.9586069651741294,
    "F1_HeavyRain": 0.978866084129242,
    "CSI_VeryHeavyRain": 0.9156626506024096,
    "F1_VeryHeavyRain": 0.9559748427672956,
    "NonZero_MAE": 0.12133519049856084,
    "NonZero_RMSE": 0.47149561537482604,
    "NonZero_count": 55672,
    "Rain_Detection_Accuracy": 0.9319155548649188
  },
  "valid": {
    "MAE": 0.9343792068370345,
    "MSE": 6.541310991407055,
    "RMSE": 2.5575986767683188,
    "MAPE": 47458815368.35158,
    "sMAPE": 90.70563471694689,
    "R2": 0.7447293730800264,
    "MBE": -0.4923829466024504,
    "Pearson": 0.9003080759848653,
    "Adjusted_R2": 0.7431754922608913,
    "Rain_Accuracy": 0.7723309608540925,
    "CSI": 0.7344609318252568,
    "Bias": 1.3001238475299297,
    "Rain_Precision": 0.7491532599491956,
    "Rain_Recall": 0.9739920187147378,
    "Rain_F1": 0.8469039784624589,
    "ROC_AUC": 0.8647265422501845,
    "PR_AUC": 0.9126943597993717,
    "CSI_ModerateRain": 0.6472727272727272,
    "F1_ModerateRain": 0.7858719646799117,
    "CSI_HeavyRain": 0.561038961038961,
    "F1_HeavyRain": 0.7188019966722131,
    "CSI_VeryHeavyRain": 0.375,
    "F1_VeryHeavyRain": 0.5454545454545454,
    "NonZero_MAE": 1.1841056183445806,
    "NonZero_RMSE": 2.9467546981306576,
    "NonZero_count": 8419,
    "Rain_Detection_Accuracy": 0.7723309608540925
  },
  "test": {
    "MAE": 1.0821468329101351,
    "MSE": 9.249566815413557,
    "RMSE": 3.0413100492079983,
    "MAPE": 60671123384.347725,
    "sMAPE": 99.56235956867667,
    "R2": 0.5261894686318365,
    "MBE": -0.5763856736921095,
    "Pearson": 0.8034202790751869,
    "Adjusted_R2": 0.5233058101575649,
    "Rain_Accuracy": 0.74826543319694,
    "CSI": 0.7212097330312285,
    "Bias": 1.3041012791771067,
    "Rain_Precision": 0.7403175245221963,
    "Rain_Recall": 0.9654490307266254,
    "Rain_F1": 0.8380265567765567,
    "ROC_AUC": 0.8410464324173867,
    "PR_AUC": 0.9158845392660384,
    "CSI_ModerateRain": 0.4516765285996055,
    "F1_ModerateRain": 0.6222826086956522,
    "CSI_HeavyRain": 0.36,
    "F1_HeavyRain": 0.5294117647058824,
    "CSI_VeryHeavyRain": 0.0,
    "F1_VeryHeavyRain": 0.0,
    "NonZero_MAE": 1.3479786274535641,
    "NonZero_RMSE": 3.4872501137147807,
    "NonZero_count": 8519,
    "Rain_Detection_Accuracy": 0.74826543319694
  },
  "diagnostics": {
    "overfit_status": "overfit",
    "overfit_details": "RainAcc Train(0.932) > Valid(0.772) by 0.160 — Train=0.932 / Valid=0.772 / Test=0.748",
    "model_quality": "excellent",
    "quality_detail": "Rain F1 avg=0.875",
    "applied_log_target": true,
    "detected_data_type": "cross_sectional",
    "n_features_after_selection": 68,
    "n_static_features_removed": 0,
    "n_constant_features_removed": 18,
    "polynomial_features_added": true,
    "target_zero_ratio": 0.3820676182653673
  }
}