{
  "optimized_metric": "rain_acc",
  "best_value": 0.9526411657559198,
  "n_trials": 100,
  "elapsed_seconds": 150.7,
  "best_params": {
    "n_estimators": 300,
    "learning_rate": 0.10866318080918577,
    "max_depth": 7,
    "num_leaves": 38,
    "min_child_samples": 40,
    "subsample": 0.857116102762388,
    "colsample_bytree": 0.721646561343565,
    "reg_alpha": 0.6400899653736896,
    "reg_lambda": 7.947957719016305,
    "tweedie_variance_power": 1.0916812719218079,
    "rain_threshold": 0.21996921961756769,
    "predict_threshold": 0.448935197363175
  },
  "usage": "Copy nội dung 'best_params' vào 'model.params' trong Weather_Forcast_App/Machine_learning_model/config/train_config.json rồi chạy lại training."
}