{
  "model_type": "ensemble",
  "best_params": {},
  "base_models_params": {
    "xgboost": {
      "best_params": {
        "n_estimators": 437,
        "learning_rate": 0.19019214697557332,
        "max_depth": 8,
        "min_child_weight": 5,
        "subsample": 0.5780093202212182,
        "colsample_bytree": 0.5779972601681014,
        "reg_alpha": 0.11616722433639892,
        "reg_lambda": 1.7323522915498704
      },
      "best_score": -Infinity
    },
    "lightgbm": {
      "best_params": {
        "n_estimators": 437,
        "learning_rate": 0.19019214697557332,
        "num_leaves": 115,
        "max_depth": 9,
        "min_child_samples": 24,
        "subsample": 0.5779972601681014,
        "colsample_bytree": 0.5290418060840998,
        "reg_alpha": 1.7323522915498704,
        "reg_lambda": 1.2022300234864176
      },
      "best_score": -Infinity
    },
    "catboost": {
      "best_params": {
        "iterations": 437,
        "learning_rate": 0.19019214697557332,
        "max_depth": 9,
        "l2_leaf_reg": 6,
        "subsample": 0.5780093202212182
      },
      "best_score": -Infinity
    },
    "random_forest": {
      "best_params": {
        "n_estimators": 218,
        "max_depth": 29,
        "min_samples_split": 15,
        "min_samples_leaf": 6
      },
      "best_score": -Infinity
    }
  },
  "best_value": -Infinity,
  "timestamp": "2026-03-21T00:58:07.346261"
}