{
  "generated_at": "2026-03-08 14:01:57",
  "model_type": "two_stage",
  "applied_log_target": true,
  "training_time_seconds": 0.02,
  "train": {
    "MAE": 2.459952866869512,
    "MSE": 31.439814219417535,
    "RMSE": 5.607121741091193,
    "MAPE": 766981332369.7397,
    "sMAPE": 172.22531916606508,
    "R2": -0.0216781579486518,
    "MBE": -0.816759358278805,
    "Pearson": 2.92737362014941e-16,
    "Adjusted_R2": -0.02772001577212113,
    "Rain_Accuracy": 0.30907594639078295,
    "CSI": 0.30907594639078295,
    "Bias": 3.2354507417268925,
    "Rain_Precision": 0.30907594639078295,
    "Rain_Recall": 1.0,
    "Rain_F1": 0.47220475976650195,
    "CSI_ModerateRain": 0.0,
    "F1_ModerateRain": 0.0,
    "CSI_HeavyRain": 0.0,
    "F1_HeavyRain": 0.0,
    "CSI_VeryHeavyRain": 0.0,
    "F1_VeryHeavyRain": 0.0,
    "NonZero_MAE": 5.4775260071348875,
    "NonZero_RMSE": 9.948229579610935,
    "NonZero_count": 2629,
    "Rain_Detection_Accuracy": 0.30907594639078295
  },
  "valid": {
    "MAE": 1.1053228163468851,
    "MSE": 1.4950316146834193,
    "RMSE": 1.2227148542008555,
    "MAPE": 980307110787.1891,
    "sMAPE": 188.0638302454577,
    "R2": -1.8634680225465505,
    "MBE": 0.98637031089254,
    "Pearson": -1.1401435357033773e-16,
    "Adjusted_R2": -1.9443112755828733,
    "Rain_Accuracy": 0.11690450054884742,
    "CSI": 0.11690450054884742,
    "Bias": 8.553990610328638,
    "Rain_Precision": 0.11690450054884742,
    "Rain_Recall": 1.0,
    "Rain_F1": 0.20933660933660933,
    "CSI_ModerateRain": 0.0,
    "F1_ModerateRain": 0.0,
    "NonZero_MAE": 1.069383171744779,
    "NonZero_RMSE": 1.8654394158677199,
    "NonZero_count": 213,
    "Rain_Detection_Accuracy": 0.11690450054884742
  },
  "test": {
    "MAE": 5.165505146381383,
    "MSE": 147.3689888900835,
    "RMSE": 12.139562961247142,
    "MAPE": 620768711587.697,
    "sMAPE": 166.20604112089012,
    "R2": -0.1100291598529839,
    "MBE": -3.8219918489664924,
    "Pearson": 8.959326953833035e-17,
    "Adjusted_R2": -0.1413328586644047,
    "Rain_Accuracy": 0.4309210526315789,
    "CSI": 0.4309210526315789,
    "Bias": 2.3206106870229006,
    "Rain_Precision": 0.4309210526315789,
    "Rain_Recall": 1.0,
    "Rain_F1": 0.6022988505747126,
    "CSI_ModerateRain": 0.0,
    "F1_ModerateRain": 0.0,
    "CSI_HeavyRain": 0.0,
    "F1_HeavyRain": 0.0,
    "CSI_VeryHeavyRain": 0.0,
    "F1_VeryHeavyRain": 0.0,
    "NonZero_MAE": 10.310446837258697,
    "NonZero_RMSE": 18.241883337864177,
    "NonZero_count": 804,
    "Rain_Detection_Accuracy": 0.4309210526315789
  },
  "diagnostics": {
    "overfit_status": "underfit",
    "overfit_details": "RainAcc Train(0.309) > Valid(0.117) by 0.192 — Train=0.309 / Valid=0.117 / Test=0.431 | Valid R2=-1.863 (negative = worse than mean baseline) | Test R2=-0.110 (negative = worse than mean baseline) | Train R2=-0.022 (too low, model not learning patterns)",
    "applied_log_target": true,
    "detected_data_type": "mixed",
    "n_features_after_selection": 50,
    "n_static_features_removed": 0,
    "n_constant_features_removed": 22,
    "polynomial_features_added": true,
    "target_zero_ratio": 0.690924053609217
  }
}