{
  "generated_at": "2026-03-12 09:40:11",
  "model_type": "ensemble",
  "applied_log_target": true,
  "training_time_seconds": 171.14,
  "train": {
    "MAE": 0.1517072555228447,
    "MSE": 0.06489706148708997,
    "RMSE": 0.2547490166557861,
    "MAPE": 58221726194.115105,
    "sMAPE": 155.2721783096931,
    "R2": 0.5895722683825191,
    "MBE": -0.027912852421669385,
    "Pearson": 0.780758748939447,
    "Adjusted_R2": 0.5887260110964128,
    "Rain_Accuracy": 0.7035493827160494,
    "CSI": 0.477610587382161,
    "Bias": 1.9003617816262381,
    "Rain_Precision": 0.4933212658385869,
    "Rain_Recall": 0.9374888796631279,
    "Rain_F1": 0.6464634071529354,
    "NonZero_MAE": 0.3221124938650666,
    "NonZero_RMSE": 0.4310954510162898,
    "NonZero_count": 16926,
    "Rain_Detection_Accuracy": 0.7035493827160494
  },
  "valid": {
    "MAE": 0.16931462977306241,
    "MSE": 0.07625975047631701,
    "RMSE": 0.27615168019825087,
    "MAPE": 63716182196.969604,
    "sMAPE": 159.6501030422159,
    "R2": 0.5008279632856201,
    "MBE": -0.033694495851076166,
    "Pearson": 0.7230875727273289,
    "Adjusted_R2": 0.4924479067095533,
    "Rain_Accuracy": 0.6663915256568992,
    "CSI": 0.43943596856218214,
    "Bias": 2.034600389863548,
    "Rain_Precision": 0.45532934131736524,
    "Rain_Recall": 0.9264132553606238,
    "Rain_F1": 0.6105668861409989,
    "NonZero_MAE": 0.37407169372880844,
    "NonZero_RMSE": 0.47477196154276785,
    "NonZero_count": 2052,
    "Rain_Detection_Accuracy": 0.6663915256568992
  },
  "test": {
    "MAE": 0.2853178015994034,
    "MSE": 0.1452746207586962,
    "RMSE": 0.38114907944096654,
    "MAPE": 85613318919.88713,
    "sMAPE": 124.3732652885009,
    "R2": 0.3253989097641302,
    "MBE": -0.06379311303825329,
    "Pearson": 0.5884496903395724,
    "Adjusted_R2": 0.3140753497098143,
    "Rain_Accuracy": 0.6730398899587345,
    "CSI": 0.5991568296795953,
    "Bias": 1.527452025586354,
    "Rain_Precision": 0.6199616122840691,
    "Rain_Recall": 0.9469616204690832,
    "Rain_F1": 0.7493409258673415,
    "NonZero_MAE": 0.3763223404117836,
    "NonZero_RMSE": 0.45477171387650234,
    "NonZero_count": 3858,
    "Rain_Detection_Accuracy": 0.6730398899587345
  },
  "diagnostics": {
    "overfit_status": "good",
    "overfit_details": "RainAcc consistent across splits — Train=0.704 / Valid=0.666 / Test=0.673",
    "model_quality": "good",
    "quality_detail": "Rain F1 avg=0.669",
    "applied_log_target": true,
    "detected_data_type": "mixed",
    "n_features_after_selection": 120,
    "n_static_features_removed": 0,
    "n_constant_features_removed": 43,
    "polynomial_features_added": true,
    "target_zero_ratio": 0.7097736625514404
  }
}