{
  "generated_at": "2026-03-01 09:42:10",
  "model_type": "ensemble",
  "applied_log_target": true,
  "train": {
    "MAE": 0.183191685886846,
    "MSE": 1.2531280387873622,
    "RMSE": 1.1194320161525497,
    "MAPE": 25705279664.787838,
    "sMAPE": 112.54944807467639,
    "R2": 0.7572614022888491,
    "Adjusted_R2": 0.7525998216161146,
    "NonZero_MAE": 0.8257612074003425,
    "NonZero_RMSE": 2.557055705135597,
    "NonZero_count": 982,
    "Rain_Detection_Accuracy": 0.9238687123713343
  },
  "valid": {
    "MAE": 0.281277669656166,
    "MSE": 1.8494146839225165,
    "RMSE": 1.3599318673825231,
    "MAPE": 101565066705.21556,
    "sMAPE": 155.05890494131683,
    "R2": 0.7185549207547859,
    "Adjusted_R2": 0.6913905698226608,
    "NonZero_MAE": 0.9350141559501183,
    "NonZero_RMSE": 2.9990922385897,
    "NonZero_count": 212,
    "Rain_Detection_Accuracy": 0.7361740707162284
  },
  "test": {
    "MAE": 0.27993813434499576,
    "MSE": 1.4745978552196604,
    "RMSE": 1.214330208476945,
    "MAPE": 87750711224.15544,
    "sMAPE": 153.4741095909867,
    "R2": 0.7266344395320699,
    "Adjusted_R2": 0.7002761300237307,
    "NonZero_MAE": 1.0299753161756848,
    "NonZero_RMSE": 2.7465005988212323,
    "NonZero_count": 206,
    "Rain_Detection_Accuracy": 0.7509057971014492
  },
  "diagnostics": {
    "overfit_status": "good",
    "overfit_details": "Train/Valid R² gap is small (0.039), generalization OK",
    "applied_log_target": true,
    "detected_data_type": "cross_sectional",
    "n_features_after_selection": 97,
    "n_static_features_removed": 0,
    "n_constant_features_removed": 20,
    "polynomial_features_added": true,
    "target_zero_ratio": 0.8092833559914546
  }
}