{
  "generated_at": "2026-03-01 10:57:51",
  "model_type": "ensemble",
  "applied_log_target": true,
  "train": {
    "MAE": 0.18350240286395614,
    "MSE": 1.259581404192818,
    "RMSE": 1.1223107431512975,
    "MAPE": 25598267291.886982,
    "sMAPE": 118.41273910406113,
    "R2": 0.7560113457738309,
    "Adjusted_R2": 0.7513257588682798,
    "NonZero_MAE": 0.8279515214769477,
    "NonZero_RMSE": 2.5638150133820443,
    "NonZero_count": 982,
    "Rain_Detection_Accuracy": 0.9242571373082152
  },
  "valid": {
    "MAE": 0.2800864025967544,
    "MSE": 1.8479514339290175,
    "RMSE": 1.3593937744189568,
    "MAPE": 99931629436.45245,
    "sMAPE": 156.2290026663688,
    "R2": 0.7187775990507657,
    "Adjusted_R2": 0.6916347404516854,
    "NonZero_MAE": 0.9373146924641697,
    "NonZero_RMSE": 2.999429189789334,
    "NonZero_count": 212,
    "Rain_Detection_Accuracy": 0.7379873073436083
  },
  "test": {
    "MAE": 0.2793154200519059,
    "MSE": 1.4803163506928971,
    "RMSE": 1.216682518446327,
    "MAPE": 86086059096.75154,
    "sMAPE": 155.550168151057,
    "R2": 0.7255743269633846,
    "Adjusted_R2": 0.6991137998415639,
    "NonZero_MAE": 1.0355592936957554,
    "NonZero_RMSE": 2.7537302124544962,
    "NonZero_count": 206,
    "Rain_Detection_Accuracy": 0.7545289855072463
  },
  "diagnostics": {
    "overfit_status": "good",
    "overfit_details": "Train/Valid R² gap is small (0.037), generalization OK",
    "applied_log_target": true,
    "detected_data_type": "cross_sectional",
    "n_features_after_selection": 97,
    "n_static_features_removed": 0,
    "n_constant_features_removed": 20,
    "polynomial_features_added": true,
    "target_zero_ratio": 0.8092833559914546
  }
}