{
  "generated_at": "2026-03-07 23:41:36",
  "model_type": "two_stage",
  "applied_log_target": false,
  "train": {
    "MAE": 0.29361208120439874,
    "MSE": 3.534488005271597,
    "RMSE": 1.8800234055116434,
    "MAPE": 9.22641504642353,
    "sMAPE": 17.417776761491734,
    "R2": 0.36547748123447565,
    "Adjusted_R2": 0.36208431268492747,
    "NonZero_MAE": 1.6688314240644213,
    "NonZero_RMSE": 4.482110196359357,
    "NonZero_count": 1654,
    "Rain_Detection_Accuracy": 0.9305393043293266
  },
  "valid": {
    "MAE": 0.786354426455283,
    "MSE": 10.995154773011828,
    "RMSE": 3.3158942644499128,
    "MAPE": 10.886503646494415,
    "sMAPE": 19.901216314329627,
    "R2": 0.7654473881261823,
    "Adjusted_R2": 0.7594730475282756,
    "NonZero_MAE": 3.4503656097623963,
    "NonZero_RMSE": 6.945828627464413,
    "NonZero_count": 459,
    "Rain_Detection_Accuracy": 0.913604766633565
  },
  "test": {
    "MAE": 0.38475423880957565,
    "MSE": 7.052865916816661,
    "RMSE": 2.65572323799312,
    "MAPE": 7.3487264216107935,
    "sMAPE": 13.845912628566484,
    "R2": 0.7024360533991914,
    "Adjusted_R2": 0.6948644517045144,
    "NonZero_MAE": 3.006451726512033,
    "NonZero_RMSE": 7.423662588893045,
    "NonZero_count": 258,
    "Rain_Detection_Accuracy": 0.9370039682539683
  },
  "diagnostics": {
    "overfit_status": "good",
    "overfit_details": "RainAcc consistent across splits — Train=0.931 / Valid=0.914 / Test=0.937",
    "applied_log_target": false,
    "detected_data_type": "cross_sectional",
    "n_features_after_selection": 50,
    "n_static_features_removed": 0,
    "n_constant_features_removed": 6,
    "polynomial_features_added": true,
    "target_zero_ratio": 0.8240612700776513
  }
}