{
  "generated_at": "2026-03-14 16:16:42",
  "model_type": "ensemble",
  "applied_log_target": true,
  "training_time_seconds": 5.61,
  "train": {
    "MAE": 0.23011791373934898,
    "MSE": 0.08885349702917862,
    "RMSE": 0.2980830371376047,
    "MAPE": 98432350153.74437,
    "sMAPE": 173.97816213388955,
    "R2": 0.04709509667357181,
    "MBE": -0.031943616110901005,
    "Pearson": 0.2414222587192562,
    "Adjusted_R2": 0.04591638636274287,
    "Rain_Accuracy": 0.2878795929753713,
    "CSI": 0.28738733948368916,
    "Bias": 3.4796244044590408,
    "Rain_Precision": 0.28738733948368916,
    "Rain_Recall": 1.0,
    "Rain_F1": 0.446466002374929,
    "NonZero_MAE": 0.4571585434917287,
    "NonZero_RMSE": 0.5107927176517196,
    "NonZero_count": 21684,
    "Rain_Detection_Accuracy": 0.2878795929753713
  },
  "valid": {
    "MAE": 0.19484187906999811,
    "MSE": 0.062099511285107184,
    "RMSE": 0.24919773531295822,
    "MAPE": 114871182262.93335,
    "sMAPE": 186.20327812269028,
    "R2": -0.020006808892547134,
    "MBE": 0.03490048543220751,
    "Pearson": 1.0475271191704725e-15,
    "Adjusted_R2": -0.030213461918908946,
    "Rain_Accuracy": 0.16563698338304217,
    "CSI": 0.16563698338304217,
    "Bias": 6.037299035369775,
    "Rain_Precision": 0.16563698338304217,
    "Rain_Recall": 1.0,
    "Rain_F1": 0.28419994517042857,
    "NonZero_MAE": 0.48280701076256527,
    "NonZero_RMSE": 0.5286150662510816,
    "NonZero_count": 1555,
    "Rain_Detection_Accuracy": 0.16563698338304217
  },
  "test": {
    "MAE": 0.25450816356363526,
    "MSE": 0.09886247398500306,
    "RMSE": 0.3144240353169634,
    "MAPE": 85551107730.39919,
    "sMAPE": 139.2042386656902,
    "R2": 0.2025590437524709,
    "MBE": -0.05657929420300074,
    "Pearson": 0.4796241992574363,
    "Adjusted_R2": 0.19458120286057978,
    "Rain_Accuracy": 0.47369542066027687,
    "CSI": 0.47262832141713795,
    "Bias": 2.107408241387075,
    "Rain_Precision": 0.47323431990597287,
    "Rain_Recall": 0.9972979058770547,
    "Rain_F1": 0.6418840579710144,
    "NonZero_MAE": 0.34624765485759745,
    "NonZero_RMSE": 0.4040674852880397,
    "NonZero_count": 4582,
    "Rain_Detection_Accuracy": 0.47369542066027687
  },
  "diagnostics": {
    "overfit_status": "overfit",
    "overfit_details": "RainAcc Train(0.288) > Valid(0.166) by 0.122 — Train=0.288 / Valid=0.166 / Test=0.474 | Note: Valid R²=-0.020 (normal for zero-inflated rainfall)",
    "model_quality": "good",
    "quality_detail": "Rain F1 avg=0.458",
    "applied_log_target": true,
    "detected_data_type": "mixed",
    "n_features_after_selection": 93,
    "n_static_features_removed": 0,
    "n_constant_features_removed": 13,
    "polynomial_features_added": true,
    "target_zero_ratio": 0.7119477138074869
  }
}