{
  "generated_at": "2026-03-05 12:52:15",
  "model_type": "two_stage",
  "applied_log_target": true,
  "train": {
    "MAE": 0.21053077031646414,
    "MSE": 2.8942812489622303,
    "RMSE": 1.7012587248746824,
    "MAPE": 5.7304705612679685,
    "sMAPE": 11.409875921097685,
    "R2": 0.08839078215459961,
    "Adjusted_R2": 0.07940764047303284,
    "NonZero_MAE": 2.738503040283956,
    "NonZero_RMSE": 6.135771663857242,
    "NonZero_count": 394,
    "Rain_Detection_Accuracy": 0.9436097560975609
  },
  "valid": {
    "MAE": 0.5757184707351389,
    "MSE": 2.468835373927337,
    "RMSE": 1.5712528039521,
    "MAPE": 533986941.2647406,
    "sMAPE": 40.22242575857678,
    "R2": 0.7590018263753339,
    "Adjusted_R2": 0.7474928400513288,
    "NonZero_MAE": 0.9656767021991897,
    "NonZero_RMSE": 2.0358767142439858,
    "NonZero_count": 654,
    "Rain_Detection_Accuracy": 0.9426229508196722
  },
  "test": {
    "MAE": 0.2933628259301789,
    "MSE": 1.3567820859925588,
    "RMSE": 1.1648098926402364,
    "MAPE": 269676973.9923962,
    "sMAPE": 23.130800672601097,
    "R2": 0.742138889752766,
    "Adjusted_R2": 0.7298363558669247,
    "NonZero_MAE": 1.012922549436935,
    "NonZero_RMSE": 2.1653790961257684,
    "NonZero_count": 318,
    "Rain_Detection_Accuracy": 0.9408553230209281
  },
  "diagnostics": {
    "overfit_status": "good",
    "overfit_details": "RainAcc consistent across splits — Train=0.944 / Valid=0.943 / Test=0.941",
    "applied_log_target": true,
    "detected_data_type": "cross_sectional",
    "n_features_after_selection": 50,
    "n_static_features_removed": 0,
    "n_constant_features_removed": 20,
    "polynomial_features_added": true,
    "target_zero_ratio": 0.9231219512195122
  }
}