{
  "generated_at": "2026-03-10 14:43:51",
  "model_type": "two_stage",
  "applied_log_target": true,
  "training_time_seconds": 32.08,
  "train": {
    "MAE": 0.815292220388588,
    "MSE": 2.4686032588981166,
    "RMSE": 1.571178939172148,
    "MAPE": 227031327119.82617,
    "sMAPE": 71.4105021100714,
    "R2": 0.49868300567550805,
    "MBE": -0.2385420815589013,
    "Pearson": 0.7252935663245992,
    "Adjusted_R2": 0.497993436219766,
    "Rain_Accuracy": 0.749731109642473,
    "CSI": 0.5358232989641166,
    "Bias": 1.7775797618012692,
    "Rain_Precision": 0.5451522190976892,
    "Rain_Recall": 0.9690515517691037,
    "Rain_F1": 0.6977668581086369,
    "CSI_ModerateRain": 0.49286291408564503,
    "F1_ModerateRain": 0.6602922605087498,
    "NonZero_MAE": 1.9702910101927187,
    "NonZero_RMSE": 2.647250645188192,
    "NonZero_count": 23040,
    "Rain_Detection_Accuracy": 0.749731109642473
  },
  "valid": {
    "MAE": 0.8069428799218371,
    "MSE": 2.034216174398334,
    "RMSE": 1.4262595045777378,
    "MAPE": 238145289453.8087,
    "sMAPE": 79.0296486700365,
    "R2": 0.6165023521769037,
    "MBE": -0.20491948787602202,
    "Pearson": 0.8199589590704658,
    "Adjusted_R2": 0.6140251583518429,
    "Rain_Accuracy": 0.7102379366713083,
    "CSI": 0.5291687161829808,
    "Bias": 1.789162031221963,
    "Rain_Precision": 0.5394644468959984,
    "Rain_Recall": 0.9651893055804773,
    "Rain_F1": 0.6920998455995884,
    "CSI_ModerateRain": 0.6330049261083743,
    "F1_ModerateRain": 0.7752639517345399,
    "NonZero_MAE": 1.6797478638040246,
    "NonZero_RMSE": 2.2596591016305534,
    "NonZero_count": 5593,
    "Rain_Detection_Accuracy": 0.7102379366713083
  },
  "test": {
    "MAE": 3.7895231281201007,
    "MSE": 19.38874073675438,
    "RMSE": 4.403264781585861,
    "MAPE": 116681572574.33687,
    "sMAPE": 124.96416243168184,
    "R2": -1.9766994617300027,
    "MBE": -2.9124004031926267,
    "Pearson": -0.23001306470266453,
    "Adjusted_R2": -1.9959262086036471,
    "Rain_Accuracy": 0.8773459256568592,
    "CSI": 0.8758045730399068,
    "Bias": 1.0190023752969122,
    "Rain_Precision": 0.9250841750841751,
    "Rain_Recall": 0.942662971760359,
    "Rain_F1": 0.9337908496732027,
    "CSI_ModerateRain": 0.15472473920657884,
    "F1_ModerateRain": 0.26798549291130896,
    "NonZero_MAE": 3.9461426314841574,
    "NonZero_RMSE": 4.515443511030914,
    "NonZero_count": 15374,
    "Rain_Detection_Accuracy": 0.8773459256568592
  },
  "diagnostics": {
    "overfit_status": "underfit",
    "overfit_details": "RainAcc consistent across splits — Train=0.750 / Valid=0.710 / Test=0.877 | Test R2=-1.977 (negative = worse than mean baseline)",
    "applied_log_target": true,
    "detected_data_type": "mixed",
    "n_features_after_selection": 106,
    "n_static_features_removed": 0,
    "n_constant_features_removed": 8,
    "polynomial_features_added": true,
    "target_zero_ratio": 0.7014345138591922
  }
}