{
  "generated_at": "2026-03-06 18:11:13",
  "model_type": "two_stage",
  "applied_log_target": true,
  "train": {
    "MAE": 0.12952190944258415,
    "MSE": 0.6597006560051621,
    "RMSE": 0.8122195860758112,
    "MAPE": 14545737758.707636,
    "sMAPE": 16.441129248365062,
    "R2": 0.8704200217794035,
    "Adjusted_R2": 0.8673920893943805,
    "NonZero_MAE": 0.5958067542229146,
    "NonZero_RMSE": 1.8173269480842513,
    "NonZero_count": 989,
    "Rain_Detection_Accuracy": 0.9514146341463414
  },
  "valid": {
    "MAE": 0.24304294427621867,
    "MSE": 1.6253844401772235,
    "RMSE": 1.2749056593243375,
    "MAPE": 139003386237.40292,
    "sMAPE": 18.134192907593953,
    "R2": 0.6318028354521937,
    "Adjusted_R2": 0.5878446025418944,
    "NonZero_MAE": 0.6174888364110432,
    "NonZero_RMSE": 1.750868343507437,
    "NonZero_count": 185,
    "Rain_Detection_Accuracy": 0.9353369763205829
  },
  "test": {
    "MAE": 0.16503290056425216,
    "MSE": 0.9252639666515167,
    "RMSE": 0.9619064230222796,
    "MAPE": 49448955767.63157,
    "sMAPE": 15.736314629004244,
    "R2": 0.7712199032893853,
    "Adjusted_R2": 0.7439342036816973,
    "NonZero_MAE": 0.66159768406845,
    "NonZero_RMSE": 1.8740638713632394,
    "NonZero_count": 192,
    "Rain_Detection_Accuracy": 0.9481346678798908
  },
  "diagnostics": {
    "overfit_status": "good",
    "overfit_details": "RainAcc consistent across splits — Train=0.951 / Valid=0.935 / Test=0.948",
    "applied_log_target": true,
    "detected_data_type": "cross_sectional",
    "n_features_after_selection": 117,
    "n_static_features_removed": 0,
    "n_constant_features_removed": 19,
    "polynomial_features_added": true,
    "target_zero_ratio": 0.8070243902439025
  }
}