{
  "generated_at": "2026-02-16 15:00:50",
  "model_type": "ensemble",
  "train": {
    "MAE": 0.41214240742634717,
    "MSE": 2.1354855798414794,
    "RMSE": 1.4613300721744829,
    "MAPE": 206677029996.91614,
    "sMAPE": 191.23384782876926,
    "R2": 0.49761650006217584,
    "Adjusted_R2": 0.4438072869560903
  },
  "valid": {
    "MAE": 0.20795329486526176,
    "MSE": 0.23830124470365485,
    "RMSE": 0.48816108479031267,
    "MAPE": 182929292597.7807,
    "sMAPE": 198.8932625448472,
    "R2": -0.12085317777662796,
    "Adjusted_R2": -4.008256659430489
  },
  "test": {
    "MAE": 0.24805152627076477,
    "MSE": 0.4439791547868849,
    "RMSE": 0.6663176080420544,
    "MAPE": 172233193812.48413,
    "sMAPE": 194.47397312065422,
    "R2": -0.020405808851920115,
    "Adjusted_R2": -3.5041350156354287
  },
  "diagnostics": {
    "overfit_status": "underfit",
    "overfit_details": "Train error (1.461) > Valid error (0.488) by 0.973"
  }
}