{
  "generated_at": "2026-03-10 23:11:43",
  "model_type": "ensemble",
  "applied_log_target": true,
  "training_time_seconds": 23.05,
  "train": {
    "MAE": 1.264084214437971,
    "MSE": 5.126817540284422,
    "RMSE": 2.264247676444523,
    "MAPE": 318390968629.6263,
    "sMAPE": 176.79775309370115,
    "R2": -0.041139660851248205,
    "MBE": -0.5951558416238105,
    "Pearson": 0.18339038154281967,
    "Adjusted_R2": -0.042490597246186645,
    "Rain_Accuracy": 0.29812489471160697,
    "CSI": 0.29812489471160697,
    "Bias": 3.3542988785534207,
    "Rain_Precision": 0.29812489471160697,
    "Rain_Recall": 1.0,
    "Rain_F1": 0.4593161966558522,
    "CSI_ModerateRain": 0.04436441651980691,
    "F1_ModerateRain": 0.08495964783565665,
    "NonZero_MAE": 3.1674566878358297,
    "NonZero_RMSE": 4.0838804285222805,
    "NonZero_count": 23040,
    "Rain_Detection_Accuracy": 0.29812489471160697
  },
  "valid": {
    "MAE": 1.35090066877135,
    "MSE": 5.7430032598973435,
    "RMSE": 2.3964563964106134,
    "MAPE": 301031877182.0852,
    "sMAPE": 173.13873003696983,
    "R2": -0.08269134290136315,
    "MBE": -0.7089633150464525,
    "Pearson": 0.12127473717282376,
    "Adjusted_R2": -0.08928668490246783,
    "Rain_Accuracy": 0.3374099412726282,
    "CSI": 0.3374099412726282,
    "Bias": 2.963753813027095,
    "Rain_Precision": 0.3374099412726282,
    "Rain_Recall": 1.0,
    "Rain_F1": 0.504572204617474,
    "CSI_ModerateRain": 0.0,
    "F1_ModerateRain": 0.0,
    "NonZero_MAE": 3.100426038113373,
    "NonZero_RMSE": 4.067795427994359,
    "NonZero_count": 5593,
    "Rain_Detection_Accuracy": 0.3374099412726282
  },
  "test": {
    "MAE": 3.790775224379851,
    "MSE": 19.216096199469813,
    "RMSE": 4.383616794322904,
    "MAPE": 103052883112.77267,
    "sMAPE": 126.26236120193495,
    "R2": -1.9501938258982037,
    "MBE": -3.27216947470946,
    "Pearson": -0.519110228210083,
    "Adjusted_R2": -1.9681641848303975,
    "Rain_Accuracy": 0.9175444969124591,
    "CSI": 0.9175444969124591,
    "Bias": 1.0898653998416468,
    "Rain_Precision": 0.9175444969124591,
    "Rain_Recall": 1.0,
    "Rain_F1": 0.9569994317105512,
    "CSI_ModerateRain": 0.010942041374593947,
    "F1_ModerateRain": 0.021647217994249957,
    "NonZero_MAE": 3.962130716453,
    "NonZero_RMSE": 4.523368520282822,
    "NonZero_count": 15374,
    "Rain_Detection_Accuracy": 0.9175444969124591
  },
  "diagnostics": {
    "overfit_status": "good",
    "overfit_details": "RainAcc consistent across splits — Train=0.298 / Valid=0.337 / Test=0.918 | Note: Train R²=-0.041, Valid R²=-0.083, Test R²=-1.950 (normal for zero-inflated rainfall)",
    "model_quality": "good",
    "quality_detail": "Rain F1 avg=0.640",
    "applied_log_target": true,
    "detected_data_type": "mixed",
    "n_features_after_selection": 100,
    "n_static_features_removed": 0,
    "n_constant_features_removed": 8,
    "polynomial_features_added": true,
    "target_zero_ratio": 0.7014345138591922
  }
}