{
  "generated_at": "2026-03-08 22:04:10",
  "model_type": "two_stage",
  "applied_log_target": true,
  "training_time_seconds": 2.98,
  "train": {
    "MAE": 0.01322897181211345,
    "MSE": 0.007112103006854518,
    "RMSE": 0.08433328528436751,
    "MAPE": 5275996668.627598,
    "sMAPE": 9.909225200937259,
    "R2": 0.5142612963710431,
    "MBE": -0.0006579112980291632,
    "Pearson": 0.7282438124089373,
    "Adjusted_R2": 0.5138658209724004,
    "Rain_Accuracy": 0.9689569334396303,
    "CSI": 0.36315086782376504,
    "Bias": 2.018477457501848,
    "Rain_Precision": 0.39838886854632005,
    "Rain_Recall": 0.804138950480414,
    "Rain_F1": 0.5328109696376103,
    "CSI_ModerateRain": 0.0,
    "F1_ModerateRain": 0.0,
    "NonZero_MAE": 0.2002514180341942,
    "NonZero_RMSE": 0.37971486987459796,
    "NonZero_count": 2441,
    "Rain_Detection_Accuracy": 0.9689569334396303
  },
  "valid": {
    "MAE": 0.04233121480415707,
    "MSE": 0.05250036723668488,
    "RMSE": 0.2291295861225365,
    "MAPE": 1388555281.400113,
    "sMAPE": 17.69133502537689,
    "R2": -0.033394056042910236,
    "MBE": -0.039480985390471304,
    "Pearson": 0.021780463723455455,
    "Adjusted_R2": -0.03733800710024515,
    "Rain_Accuracy": 0.9359032846715328,
    "CSI": 0.02768166089965398,
    "Bias": 0.16318537859007834,
    "Rain_Precision": 0.192,
    "Rain_Recall": 0.031331592689295036,
    "Rain_F1": 0.05387205387205387,
    "CSI_ModerateRain": 0.0,
    "F1_ModerateRain": 0.0,
    "NonZero_MAE": 0.5075191876976517,
    "NonZero_RMSE": 0.8047684315580843,
    "NonZero_count": 1061,
    "Rain_Detection_Accuracy": 0.9359032846715328
  },
  "test": {
    "MAE": 0.08708668581712489,
    "MSE": 0.1314249470622597,
    "RMSE": 0.3625257881341129,
    "MAPE": 6116746410.505662,
    "sMAPE": 33.43385307055131,
    "R2": -0.0362715546427288,
    "MBE": -0.07393740758725505,
    "Pearson": 0.08761650232381243,
    "Adjusted_R2": -0.04022618582362769,
    "Rain_Accuracy": 0.8775184368585114,
    "CSI": 0.0846590909090909,
    "Bias": 0.4752704791344668,
    "Rain_Precision": 0.24227642276422764,
    "Rain_Recall": 0.1151468315301391,
    "Rain_F1": 0.15610267155578839,
    "CSI_ModerateRain": 0.0,
    "F1_ModerateRain": 0.0,
    "NonZero_MAE": 0.5728873658917639,
    "NonZero_RMSE": 0.9598749686617891,
    "NonZero_count": 1859,
    "Rain_Detection_Accuracy": 0.8775184368585114
  },
  "diagnostics": {
    "overfit_status": "underfit",
    "overfit_details": "RainAcc consistent across splits — Train=0.969 / Valid=0.936 / Test=0.878 | Valid R2=-0.033 (negative = worse than mean baseline) | Test R2=-0.036 (negative = worse than mean baseline)",
    "applied_log_target": true,
    "detected_data_type": "mixed",
    "n_features_after_selection": 50,
    "n_static_features_removed": 0,
    "n_constant_features_removed": 21,
    "polynomial_features_added": false,
    "target_zero_ratio": 0.9602850495420009
  }
}