{
  "model_type": "xgboost",
  "best_params": {
    "n_estimators": 437,
    "learning_rate": 0.19019214697557332,
    "max_depth": 8,
    "min_child_weight": 5,
    "subsample": 0.5780093202212182,
    "colsample_bytree": 0.5779972601681014,
    "reg_alpha": 0.11616722433639892,
    "reg_lambda": 1.7323522915498704
  },
  "best_score": -Infinity,
  "cv_mean": -Infinity,
  "cv_std": 0.0,
  "n_iter": 25,
  "tuning_time": 0.20335,
  "method": "optuna",
  "timestamp": "2026-03-14T16:15:56.640448"
}